{
  "domain": "code_security",
  "n_samples": 60,
  "feature_names": [
    "claim_density",
    "citation_count",
    "hedging_ratio",
    "specificity",
    "numeric_density",
    "pamp_score",
    "exaggeration",
    "certainty",
    "controversy",
    "danger_signal"
  ],
  "feature_stats": {
    "claim_density": {
      "index": 0,
      "mean": 0.5033333333333333,
      "std": 0.025603819159562016,
      "min": 0.5,
      "max": 0.7,
      "percentiles": {
        "p5": 0.5,
        "p25": 0.5,
        "p50": 0.5,
        "p75": 0.5,
        "p95": 0.5
      },
      "unique_count": 2,
      "unique_values": [
        0.5,
        0.7
      ],
      "is_binary": false,
      "is_constant": false
    },
    "citation_count": {
      "index": 1,
      "mean": 0.016666666666666666,
      "std": 0.12801909579781015,
      "min": 0.0,
      "max": 1.0,
      "percentiles": {
        "p5": 0.0,
        "p25": 0.0,
        "p50": 0.0,
        "p75": 0.0,
        "p95": 0.0
      },
      "unique_count": 2,
      "unique_values": [
        0.0,
        1.0
      ],
      "is_binary": true,
      "is_constant": false
    },
    "hedging_ratio": {
      "index": 2,
      "mean": 0.0,
      "std": 0.0,
      "min": 0.0,
      "max": 0.0,
      "percentiles": {
        "p5": 0.0,
        "p25": 0.0,
        "p50": 0.0,
        "p75": 0.0,
        "p95": 0.0
      },
      "unique_count": 1,
      "unique_values": [
        0.0
      ],
      "is_binary": true,
      "is_constant": true
    },
    "specificity": {
      "index": 3,
      "mean": 0.2980221869905353,
      "std": 0.336961206292365,
      "min": 0.0,
      "max": 1.0,
      "percentiles": {
        "p5": 0.0,
        "p25": 0.0,
        "p50": 0.1541501976284585,
        "p75": 0.5637254901960784,
        "p95": 0.9693548387096773
      },
      "unique_count": 24,
      "unique_values": [
        0.0,
        0.09090909090909091,
        0.21739130434782608,
        0.2542372881355932,
        0.3125,
        0.3225806451612903,
        0.36585365853658536,
        0.38461538461538464,
        0.4,
        0.41666666666666663,
        0.4545454545454546,
        0.5,
        0.5555555555555556,
        0.5882352941176471,
        0.5970149253731343,
        0.625,
        0.6666666666666666,
        0.7142857142857142,
        0.75,
        0.7692307692307693,
        0.8333333333333333,
        0.9375,
        0.967741935483871,
        1.0
      ],
      "is_binary": false,
      "is_constant": false
    },
    "numeric_density": {
      "index": 4,
      "mean": 0.0,
      "std": 0.0,
      "min": 0.0,
      "max": 0.0,
      "percentiles": {
        "p5": 0.0,
        "p25": 0.0,
        "p50": 0.0,
        "p75": 0.0,
        "p95": 0.0
      },
      "unique_count": 1,
      "unique_values": [
        0.0
      ],
      "is_binary": true,
      "is_constant": true
    },
    "pamp_score": {
      "index": 5,
      "mean": 0.0,
      "std": 0.0,
      "min": 0.0,
      "max": 0.0,
      "percentiles": {
        "p5": 0.0,
        "p25": 0.0,
        "p50": 0.0,
        "p75": 0.0,
        "p95": 0.0
      },
      "unique_count": 1,
      "unique_values": [
        0.0
      ],
      "is_binary": true,
      "is_constant": true
    },
    "exaggeration": {
      "index": 6,
      "mean": 0.0,
      "std": 0.0,
      "min": 0.0,
      "max": 0.0,
      "percentiles": {
        "p5": 0.0,
        "p25": 0.0,
        "p50": 0.0,
        "p75": 0.0,
        "p95": 0.0
      },
      "unique_count": 1,
      "unique_values": [
        0.0
      ],
      "is_binary": true,
      "is_constant": true
    },
    "certainty": {
      "index": 7,
      "mean": 0.016666666666666666,
      "std": 0.12801909579781015,
      "min": 0.0,
      "max": 1.0,
      "percentiles": {
        "p5": 0.0,
        "p25": 0.0,
        "p50": 0.0,
        "p75": 0.0,
        "p95": 0.0
      },
      "unique_count": 2,
      "unique_values": [
        0.0,
        1.0
      ],
      "is_binary": true,
      "is_constant": false
    },
    "controversy": {
      "index": 8,
      "mean": 0.0,
      "std": 0.0,
      "min": 0.0,
      "max": 0.0,
      "percentiles": {
        "p5": 0.0,
        "p25": 0.0,
        "p50": 0.0,
        "p75": 0.0,
        "p95": 0.0
      },
      "unique_count": 1,
      "unique_values": [
        0.0
      ],
      "is_binary": true,
      "is_constant": true
    },
    "danger_signal": {
      "index": 9,
      "mean": 0.0,
      "std": 0.0,
      "min": 0.0,
      "max": 0.0,
      "percentiles": {
        "p5": 0.0,
        "p25": 0.0,
        "p50": 0.0,
        "p75": 0.0,
        "p95": 0.0
      },
      "unique_count": 1,
      "unique_values": [
        0.0
      ],
      "is_binary": true,
      "is_constant": true
    }
  },
  "correlation_matrix": [
    [
      1.0,
      1.0,
      null,
      0.115519,
      null,
      null,
      null,
      -0.016949,
      null,
      null
    ],
    [
      1.0,
      1.0,
      null,
      0.115519,
      null,
      null,
      null,
      -0.016949,
      null,
      null
    ],
    [
      null,
      null,
      null,
      null,
      null,
      null,
      null,
      null,
      null,
      null
    ],
    [
      0.115519,
      0.115519,
      null,
      1.0,
      null,
      null,
      null,
      0.060475,
      null,
      null
    ],
    [
      null,
      null,
      null,
      null,
      null,
      null,
      null,
      null,
      null,
      null
    ],
    [
      null,
      null,
      null,
      null,
      null,
      null,
      null,
      null,
      null,
      null
    ],
    [
      null,
      null,
      null,
      null,
      null,
      null,
      null,
      null,
      null,
      null
    ],
    [
      -0.016949,
      -0.016949,
      null,
      0.060475,
      null,
      null,
      null,
      1.0,
      null,
      null
    ],
    [
      null,
      null,
      null,
      null,
      null,
      null,
      null,
      null,
      null,
      null
    ],
    [
      null,
      null,
      null,
      null,
      null,
      null,
      null,
      null,
      null,
      null
    ]
  ],
  "high_correlations": [
    {
      "features": [
        "claim_density",
        "citation_count"
      ],
      "r": 1.0,
      "note": "claim_density includes +0.2 when citation_count present. r=1.0000. Partial algebraic dependency."
    }
  ],
  "metadata": {
    "audit_timestamp": "2026-04-01T07:24:49.517672+00:00",
    "extractor_class": "DendriticFeatureExtractor",
    "data_dir": "/Users/byron/projects/active/antigence-bittensor/.claude/worktrees/agent-aae2a82a/data/evaluation"
  }
}